,_id,index,name,desc,higher_level,range,components,material,ritual,duration,concentration,casting_time,level,attack_type,damage,school,classes,subclasses,url,dc,heal_at_slot_level,area_of_effect
275,5f2329b00b1bb138c594151c,spike-growth,Spike Growth,"['The ground in a 20-foot radius centered on a point within range twists and sprouts hard spikes and thorns. The area becomes difficult terrain for the duration. When a creature moves into or within the area, it takes 2d4 piercing damage for every 5 feet it travels.', 'The development of land is camouflaged to look natural. Any creature that does not see the area when the spell is spell casts must make a Wisdom (Perception) opposite the DD backup your fate or it does not recognize the dangerous nature of the ground before entering.']",,150 feet,"['V', 'S', 'M']",Seven sharp spines or seven twigs cut peak.,False,Up to 10 minutes,True,1 action,2,,,"{'name': 'Transmutation', 'url': '/api/magic-schools/transmutation'}","[{'name': 'Druid', 'url': '/api/classes/druid'}, {'name': 'Ranger', 'url': '/api/classes/ranger'}]","[{'name': 'Lore', 'url': '/api/subclasses/lore'}, {'name': 'Land', 'url': '/api/subclasses/land'}]",/api/spells/spike-growth,,,"{'type': 'cylinder', 'size': 20}"
276,5f2329b00b1bb138c594151d,spirit-guardians,Spirit Guardians,"['You call forth spirits to protect you. They flit around you to a distance of 15 feet for the duration. If you are good or neutral, their spectral form appears angelic or fey (your choice). If you are evil, they appear fiendish.', ""When you cast this spell, you can designate any number of creatures you can see to be unaffected by it. An affected creature's speed is halved in the area, and when the creature enters the area for the first time on a turn or starts its turn there, it must make a wisdom saving throw. On a failed save, the creature takes 3d8 radiant damage (if you are good or neutral) or 3d8 necrotic damage (if you are evil). On a successful save, the creature takes half as much damage.""]","['When you cast this spell using a spell slot of 4th level or higher, the damage increases by 1d8 for each slot level above 3rd.']",Self,"['V', 'S', 'M']",A holy symbol.,False,Up to 10 minutes,True,1 action,3,,,"{'name': 'Conjuration', 'url': '/api/magic-schools/conjuration'}","[{'name': 'Cleric', 'url': '/api/classes/cleric'}]","[{'name': 'Lore', 'url': '/api/subclasses/lore'}]",/api/spells/spirit-guardians,,,
277,5f2329b00b1bb138c594151f,spiritual-weapon,Spiritual Weapon,"['You create a floating, spectral weapon within range that lasts for the duration or until you cast this spell again. When you cast the spell, you can make a melee spell attack against a creature within 5 feet of the weapon. On a hit, the target takes force damage equal to 1d8 + your spellcasting ability modifier.', 'As a bonus action on your turn, you can move the weapon up to 20 feet and repeat the attack against a creature within 5 feet of it.', ""The weapon can take whatever form you choose. Clerics of deities who are associated with a particular weapon (as St. Cuthbert is known for his mace and Thor for his hammer) make this spell's effect resemble that weapon.""]","['When you cast this spell using a spell slot of 3rd level or higher, the damage increases by 1d8 for every two slot levels above the 2nd.']",60 feet,"['V', 'S']",,False,1 minute,False,1 bonus action,2,melee,"{'damage_type': {'name': 'Force', 'url': '/api/damage-types/force'}, 'damage_at_slot_level': {'2': '1d8 + MOD', '3': '1d8 + MOD', '4': '2d8 + MOD', '5': '2d8 + MOD', '6': '3d8 + MOD', '7': '3d8 + MOD', '8': '4d8 + MOD', '9': '4d8 + MOD'}}","{'name': 'Evocation', 'url': '/api/magic-schools/evocation'}","[{'name': 'Cleric', 'url': '/api/classes/cleric'}]","[{'name': 'Lore', 'url': '/api/subclasses/lore'}, {'name': 'Life', 'url': '/api/subclasses/life'}]",/api/spells/spiritual-weapon,,,
278,5f2329b00b1bb138c594151e,stinking-cloud,Stinking Cloud,"['You create a 20-foot-radius sphere of yellow, nauseating gas centered on a point within range. The cloud spreads around corners, and its area is heavily obscured. The cloud lingers in the air for the duration.', ""Each creature that is completely within the cloud at the start of its turn must make a constitution saving throw against poison. On a failed save, the creature spends its action that turn retching and reeling. Creatures that don't need to breathe or are immune to poison automatically succeed on this saving throw."", 'A moderate wind (at least 10 miles per hour) disperses the cloud after 4 rounds. A strong wind (at least 20 miles per hour) disperses it after 1 round.']",,90 feet,"['V', 'S', 'M']",A rotten egg or several skunk cabbage leaves.,False,Up to 1 minute,True,1 action,3,,"{'damage_type': {'name': 'Poison', 'url': '/api/damage-types/poison'}}","{'name': 'Conjuration', 'url': '/api/magic-schools/conjuration'}","[{'name': 'Bard', 'url': '/api/classes/bard'}, {'name': 'Sorcerer', 'url': '/api/classes/sorcerer'}, {'name': 'Wizard', 'url': '/api/classes/wizard'}]","[{'name': 'Lore', 'url': '/api/subclasses/lore'}, {'name': 'Land', 'url': '/api/subclasses/land'}, {'name': 'Fiend', 'url': '/api/subclasses/fiend'}]",/api/spells/stinking-cloud,"{'dc_type': {'name': 'CON', 'url': '/api/ability-scores/con'}, 'dc_success': 'none', 'desc': 'On a failed save, the creature spends its action that turn retching and reeling.'}",,"{'type': 'sphere', 'size': 20}"
279,5f2329b00b1bb138c5941520,stone-shape,Stone Shape,"[""You touch a stone object of Medium size or smaller or a section of stone no more than 5 feet in any dimension and form it into any shape that suits your purpose. So, for example, you could shape a large rock into a weapon, idol, or coffer, or make a small passage through a wall, as long as the wall is less than 5 feet thick. You could also shape a stone door or its frame to seal the door shut. The object you create can have up to two hinges and a latch, but finer mechanical detail isn't possible.""]",,Touch,"['V', 'S', 'M']","Soft clay, to be crudely worked into the desired shape for the stone object.",False,Instantaneous,False,1 action,4,,,"{'name': 'Transmutation', 'url': '/api/magic-schools/transmutation'}","[{'name': 'Cleric', 'url': '/api/classes/cleric'}, {'name': 'Druid', 'url': '/api/classes/druid'}, {'name': 'Wizard', 'url': '/api/classes/wizard'}]","[{'name': 'Land', 'url': '/api/subclasses/land'}]",/api/spells/stone-shape,,,
280,5f2329b00b1bb138c5941521,stoneskin,Stoneskin,"['This spell turns the flesh of a willing creature you touch as hard as stone. Until the spell ends, the target has resistance to nonmagical bludgeoning, piercing, and slashing damage.']",,Touch,"['V', 'S', 'M']","Diamond dust worth 100 gp, which the spell consumes.",False,Up to 1 hour,True,1 action,4,,,"{'name': 'Abjuration', 'url': '/api/magic-schools/abjuration'}","[{'name': 'Druid', 'url': '/api/classes/druid'}, {'name': 'Ranger', 'url': '/api/classes/ranger'}, {'name': 'Sorcerer', 'url': '/api/classes/sorcerer'}, {'name': 'Wizard', 'url': '/api/classes/wizard'}]","[{'name': 'Land', 'url': '/api/subclasses/land'}]",/api/spells/stoneskin,,,
281,5f2329b00b1bb138c5941522,storm-of-vengeance,Storm of Vengeance,"['A churning storm cloud forms, centered on a point you can see and spreading to a radius of 360 feet. Lightning flashes in the area, thunder booms, and strong winds roar. Each creature under the cloud (no more than 5,000 feet beneath the cloud) when it appears must make a constitution saving throw. On a failed save, a creature takes 2d6 thunder damage and becomes deafened for 5 minutes.', 'Each round you maintain concentration on this spell, the storm produces additional effects on your turn.', 'Round 2.', 'Acidic rain falls from the cloud. Each creature and object under the cloud takes 1d6 acid damage.', 'Round 3.', ""You call six bolts of lightning from the cloud to strike six creatures or objects of your choice beneath the cloud. A given creature or object can't be struck by more than one bolt. A struck creature must make a dexterity saving throw. The creature takes 10d6 lightning damage on a failed save, or half as much damage on a successful one."", 'Round 4.', 'Hailstones rain down from the cloud. Each creature under the cloud takes 2d6 bludgeoning damage.', 'Round 5-10.', 'Gusts and freezing rain assail the area under the cloud. The area becomes difficult terrain and is heavily obscured. Each creature there takes 1d6 cold damage. Ranged weapon attacks in the area are impossible. The wind and rain count as a severe distraction for the purposes of maintaining concentration on spells. Finally, gusts of strong wind (ranging from 20 to 50 miles per hour) automatically disperse fog, mists, and similar phenomena in the area, whether mundane or magical.']",,Sight,"['V', 'S']",,False,Up to 1 minute,True,1 action,9,,"{'damage_type': {'name': 'Thunder', 'url': '/api/damage-types/thunder'}, 'damage_at_slot_level': {'9': '2d6'}}","{'name': 'Conjuration', 'url': '/api/magic-schools/conjuration'}","[{'name': 'Druid', 'url': '/api/classes/druid'}]",[],/api/spells/storm-of-vengeance,"{'dc_type': {'name': 'CON', 'url': '/api/ability-scores/con'}, 'dc_success': 'none', 'desc': 'On a failed save, a creature takes 2d6 thunder damage and becomes deafened for 5 minutes.'}",,"{'type': 'sphere', 'size': 360}"
282,5f2329b00b1bb138c5941523,suggestion,Suggestion,"[""You suggest a course of activity (limited to a sentence or two) and magically influence a creature you can see within range that can hear and understand you. Creatures that can't be charmed are immune to this effect. The suggestion must be worded in such a manner as to make the course of action sound reasonable. Asking the creature to stab itself, throw itself onto a spear, immolate itself, or do some other obviously harmful act ends the spell."", 'The target must make a wisdom saving throw. On a failed save, it pursues the course of action you described to the best of its ability. The suggested course of action can continue for the entire duration. If the suggested activity can be completed in a shorter time, the spell ends when the subject finishes what it was asked to do.', ""You can also specify conditions that will trigger a special activity during the duration. For example, you might suggest that a knight give her warhorse to the first beggar she meets. If the condition isn't met before the spell expires, the activity isn't performed."", 'If you or any of your companions damage the target, the spell ends.']",,30 feet,"['V', 'M']",A snake's tongue and either a bit of honeycomb or a drop of sweet oil.,False,Up to 8 hours,True,1 action,2,,,"{'name': 'Enchantment', 'url': '/api/magic-schools/enchantment'}","[{'name': 'Bard', 'url': '/api/classes/bard'}, {'name': 'Sorcerer', 'url': '/api/classes/sorcerer'}, {'name': 'Warlock', 'url': '/api/classes/warlock'}, {'name': 'Wizard', 'url': '/api/classes/wizard'}]","[{'name': 'Lore', 'url': '/api/subclasses/lore'}]",/api/spells/suggestion,"{'dc_type': {'name': 'WIS', 'url': '/api/ability-scores/wis'}, 'dc_success': 'none'}",,
283,5f2329b00b1bb138c5941524,sunbeam,Sunbeam,"[""A beam of brilliant light flashes out from your hand in a 5-foot-wide, 60-foot-long line. Each creature in the line must make a constitution saving throw. On a failed save, a creature takes 6d8 radiant damage and is blinded until your next turn. On a successful save, it takes half as much damage and isn't blinded by this spell. Undead and oozes have disadvantage on this saving throw."", 'You can create a new line of radiance as your action on any turn until the spell ends.', 'For the duration, a mote of brilliant radiance shines in your hand. It sheds bright light in a 30-foot radius and dim light for an additional 30 feet. This light is sunlight.']",,Self,"['V', 'S', 'M']",A magnifying glass.,False,Up to 1 minute,True,1 action,6,,"{'damage_type': {'name': 'Radiant', 'url': '/api/damage-types/radiant'}, 'damage_at_slot_level': {'6': '6d8'}}","{'name': 'Evocation', 'url': '/api/magic-schools/evocation'}","[{'name': 'Druid', 'url': '/api/classes/druid'}, {'name': 'Sorcerer', 'url': '/api/classes/sorcerer'}, {'name': 'Wizard', 'url': '/api/classes/wizard'}]",[],/api/spells/sunbeam,"{'dc_type': {'name': 'CON', 'url': '/api/ability-scores/con'}, 'dc_success': 'half', 'desc': ""On a failed save, the creature is blinded until your next turn. On a successful save, it isn't blinded by this spell.""}",,"{'type': 'line', 'size': 60}"
284,5f2329b00b1bb138c5941525,sunburst,Sunburst,"[""Brilliant sunlight flashes in a 60-foot radius centered on a point you choose within range. Each creature in that light must make a constitution saving throw. On a failed save, a creature takes 12d6 radiant damage and is blinded for 1 minute. On a successful save, it takes half as much damage and isn't blinded by this spell. Undead and oozes have disadvantage on this saving throw."", 'A creature blinded by this spell makes another constitution saving throw at the end of each of its turns. On a successful save, it is no longer blinded.', 'This spell dispels any darkness in its area that was created by a spell.']",,150 feet,"['V', 'S', 'M']",Fire and a piece of sunstone.,False,Instantaneous,False,1 action,8,,"{'damage_type': {'name': 'Radiant', 'url': '/api/damage-types/radiant'}, 'damage_at_slot_level': {'8': '12d6'}}","{'name': 'Evocation', 'url': '/api/magic-schools/evocation'}","[{'name': 'Druid', 'url': '/api/classes/druid'}, {'name': 'Sorcerer', 'url': '/api/classes/sorcerer'}, {'name': 'Wizard', 'url': '/api/classes/wizard'}]",[],/api/spells/sunburst,"{'dc_type': {'name': 'CON', 'url': '/api/ability-scores/con'}, 'dc_success': 'half', 'desc': 'On failure, the creature is also blinded for 1 minute.'}",,"{'type': 'cylinder', 'size': 60}"
285,5f2329b00b1bb138c5941526,symbol,Symbol,"['When you cast this spell, you inscribe a harmful glyph either on a surface (such as a section of floor, a wall, or a table) or within an object that can be closed to conceal the glyph (such as a book, a scroll, or a treasure chest). If you choose a surface, the glyph can cover an area of the surface no larger than 10 feet in diameter. If you choose an object, that object must remain in its place; if the object is moved more than 10 feet from where you cast this spell, the glyph is broken, and the spell ends without being triggered.', 'The glyph is nearly invisible, requiring an Intelligence (Investigation) check against your spell save DC to find it.', 'You decide what triggers the glyph when you cast the spell. For glyphs inscribed on a surface, the most typical triggers include touching or stepping on the glyph, removing another object covering it, approaching within a certain distance of it, or manipulating the object that holds it. For glyphs inscribed within an object, the most common triggers are opening the object, approaching within a certain distance of it, or seeing or reading the glyph.', ""You can further refine the trigger so the spell is activated only under certain circumstances or according to a creature's physical characteristics (such as height or weight), or physical kind (for example, the ward could be set to affect hags or shapechangers). You can also specify creatures that don't trigger the glyph, such as those who say a certain password."", 'When you inscribe the glyph, choose one of the options below for its effect. Once triggered, the glyph glows, filling a 60-foot-radius sphere with dim light for 10 minutes, after which time the spell ends. Each creature in the sphere when the glyph activates is targeted by its effect, as is a creature that enters the sphere for the first time on a turn or ends its turn there.', 'Death.', 'Each target must make a constitution saving throw, taking 10d 10 necrotic damage on a failed save, or half as much damage on a successful save.', 'Discord.', 'Each target must make a constitution saving throw. On a failed save, a target bickers and argues with other creatures for 1 minute. During this time, it is incapable of meaningful communication and has disadvantage on attack rolls and ability checks.', 'Fear.', 'Each target must make a wisdom saving throw and becomes frightened for 1 minute on a failed save. While frightened, the target drops whatever it is holding and must move at least 30 feet away from the glyph on each of its turns, if able.', 'Hopelessness.', ""Each target must make a charisma saving throw. On a failed save, the target is overwhelmed with despair for 1 minute. During this time, it can't attack or target any creature with harmful abilities, spells, or other magical effects."", 'Insanity.', ""Each target must make an intelligence saving throw. On a failed save, the target is driven insane for 1 minute. An insane creature can't take actions, can't understand what other creatures say, can't read, and speaks only in gibberish. The DM controls its movement, which is erratic."", 'Pain.', 'Each target must make a constitution saving throw and becomes incapacitated with excruciating pain for 1 minute on a failed save.', 'Sleep.', 'Each target must make a wisdom saving throw and falls unconscious for 10 minutes on a failed save. A creature awakens if it takes damage or if someone uses an action to shake or slap it awake.', 'Stunning.', 'Each target must make a wisdom saving throw and becomes stunned for 1 minute on a failed save.']",,Touch,"['V', 'S', 'M']","Mercury, phosphorus, and powdered diamond and opal with a total value of at least 1,000 gp, which the spell consumes.",False,Until dispelled,False,1 minute,7,,,"{'name': 'Abjuration', 'url': '/api/magic-schools/abjuration'}","[{'name': 'Bard', 'url': '/api/classes/bard'}, {'name': 'Cleric', 'url': '/api/classes/cleric'}, {'name': 'Wizard', 'url': '/api/classes/wizard'}]",[],/api/spells/symbol,,,"{'type': 'cube', 'size': 10}"
286,5f2329b00b1bb138c5941527,telekinesis,Telekinesis,"['You gain the ability to move or manipulate creatures or objects by thought. When you cast the spell, and as your action each round for the duration, you can exert your will on one creature or object that you can see within range, causing the appropriate effect below. You can affect the same target round after round, or choose a new one at any time. If you switch targets, the prior target is no longer affected by the spell.', 'Creature.', ""You can try to move a Huge or smaller creature. Make an ability check with your spellcasting ability contested by the creature's Strength check. If you win the contest, you move the creature up to 30 feet in any direction, including upward but not beyond the range of this spell. Until the end of your next turn, the creature is restrained in your telekinetic grip. A creature lifted upward is suspended in mid-air."", 'On subsequent rounds, you can use your action to attempt to maintain your telekinetic grip on the creature by repeating the contest.', 'Object.', ""You can try to move an object that weighs up to 1,000 pounds. If the object isn't being worn or carried, you automatically move it up to 30 feet in any direction, but not beyond the range of this spell."", ""If the object is worn or carried by a creature, you must make an ability check with your spellcasting ability contested by that creature's Strength check. If you succeed, you pull the object away from that creature and can move it up to 30 feet in any direction but not beyond the range of this spell."", 'You can exert fine control on objects with your telekinetic grip, such as manipulating a simple tool, opening a door or a container, stowing or retrieving an item from an open container, or pouring the contents from a vial.']",,60 feet,"['V', 'S']",,False,Up to 10 minutes,True,1 action,5,,,"{'name': 'Transmutation', 'url': '/api/magic-schools/transmutation'}","[{'name': 'Sorcerer', 'url': '/api/classes/sorcerer'}, {'name': 'Wizard', 'url': '/api/classes/wizard'}]",[],/api/spells/telekinesis,,,"{'type': 'sphere', 'size': 30}"
287,5f2329b00b1bb138c5941528,telepathic-bond,Telepathic Bond,"[""You forge a telepathic link among up to eight willing creatures of your choice within range, psychically linking each creature to all the others for the duration. Creatures with Intelligence scores of 2 or less aren't affected by this spell."", ""Until the spell ends, the targets can communicate telepathically through the bond whether or not they have a common language. The communication is possible over any distance, though it can't extend to other planes of existence.""]",,30 feet,"['V', 'S', 'M']",Pieces of eggshell from two different kinds of creatures,True,1 hour,False,1 action,5,,"{'damage_type': {'name': 'Psychic', 'url': '/api/damage-types/psychic'}}","{'name': 'Divination', 'url': '/api/magic-schools/divination'}","[{'name': 'Wizard', 'url': '/api/classes/wizard'}]",[],/api/spells/telepathic-bond,,,
288,5f2329b00b1bb138c594152a,teleport,Teleport,"[""This spell instantly transports you and up to eight willing creatures of your choice that you can see within range, or a single object that you can see within range, to a destination you select. If you target an object, it must be able to fit entirely inside a 10-foot cube, and it can't be held or carried by an unwilling creature."", 'The destination you choose must be known to you, and it must be on the same plane of existence as you. Your familiarity with the destination determines whether you arrive there successfully. The DM rolls d100 and consults the table.']",,10 feet,['V'],,False,Instantaneous,False,1 action,7,,,"{'name': 'Conjuration', 'url': '/api/magic-schools/conjuration'}","[{'name': 'Bard', 'url': '/api/classes/bard'}, {'name': 'Sorcerer', 'url': '/api/classes/sorcerer'}, {'name': 'Wizard', 'url': '/api/classes/wizard'}]",[],/api/spells/teleport,,,"{'type': 'cube', 'size': 10}"
289,5f2329b00b1bb138c5941529,teleportation-circle,Teleportation Circle,"['As you cast the spell, you draw a 10-foot-diameter circle on the ground inscribed with sigils that link your location to a permanent teleportation circle of your choice whose sigil sequence you know and that is on the same plane of existence as you. A shimmering portal opens within the circle you drew and remains open until the end of your next turn. Any creature that enters the portal instantly appears within 5 feet of the destination circle or in the nearest unoccupied space if that space is occupied.', 'Many major temples, guilds, and other important places have permanent teleportation circles inscribed somewhere within their confines. Each such circle includes a unique sigil sequence--a string of magical runes arranged in a particular pattern. When you first gain the ability to cast this spell, you learn the sigil sequences for two destinations on the Material Plane, determined by the DM. You can learn additional sigil sequences during your adventures. You can commit a new sigil sequence to memory after studying it for 1 minute.', 'You can create a permanent teleportation circle by casting this spell in the same location every day for one year. You need not use the circle to teleport when you cast the spell in this way.']",,10 feet,"['V', 'M']","Rare chalks and inks infused with precious gems with 50 gp, which the spell consumes.",False,1 round,False,1 minute,5,,,"{'name': 'Conjuration', 'url': '/api/magic-schools/conjuration'}","[{'name': 'Bard', 'url': '/api/classes/bard'}, {'name': 'Sorcerer', 'url': '/api/classes/sorcerer'}, {'name': 'Wizard', 'url': '/api/classes/wizard'}]",[],/api/spells/teleportation-circle,,,"{'type': 'sphere', 'size': 10}"
290,5f2329b00b1bb138c594152b,thaumaturgy,Thaumaturgy,"['You manifest a minor wonder, a sign of supernatural power, within range. You create one of the following magical effects within range.', '- Your voice booms up to three times as loud as normal for 1 minute.', '- You cause flames to flicker, brighten, dim, or change color for 1 minute.', '- You cause harmless tremors in the ground for 1 minute.', '- You create an instantaneous sound that originates from a point of your choice within range, such as a rumble of thunder, the cry of a raven, or ominous whispers.', '- You instantaneously cause an unlocked door or window to fly open or slam shut.', '- You alter the appearance of your eyes for 1 minute.', 'If you cast this spell multiple times, you can have up to three of its 1-minute effects active at a time, and you can dismiss such an effect as an action.']",,30 feet,['V'],,False,1 minute,False,1 action,0,,,"{'name': 'Transmutation', 'url': '/api/magic-schools/transmutation'}","[{'name': 'Cleric', 'url': '/api/classes/cleric'}]","[{'name': 'Lore', 'url': '/api/subclasses/lore'}]",/api/spells/thaumaturgy,,,
291,5f2329b00b1bb138c594152d,thunderwave,Thunderwave,"[""A wave of thunderous force sweeps out from you. Each creature in a 15-foot cube originating from you must make a constitution saving throw. On a failed save, a creature takes 2d8 thunder damage and is pushed 10 feet away from you. On a successful save, the creature takes half as much damage and isn't pushed."", ""In addition, unsecured objects that are completely within the area of effect are automatically pushed 10 feet away from you by the spell's effect, and the spell emits a thunderous boom audible out to 300 feet.""]","['When you cast this spell using a spell slot of 2nd level or higher, the damage increases by 1d8 for each slot level above 1st.']",Self,"['V', 'S']",,False,Instantaneous,False,1 action,1,,"{'damage_type': {'name': 'Thunder', 'url': '/api/damage-types/thunder'}, 'damage_at_slot_level': {'1': '2d8', '2': '3d8', '3': '4d8', '4': '5d8', '5': '6d8', '6': '7d8', '7': '8d8', '8': '9d8', '9': '10d8'}}","{'name': 'Evocation', 'url': '/api/magic-schools/evocation'}","[{'name': 'Bard', 'url': '/api/classes/bard'}, {'name': 'Druid', 'url': '/api/classes/druid'}, {'name': 'Sorcerer', 'url': '/api/classes/sorcerer'}, {'name': 'Wizard', 'url': '/api/classes/wizard'}]","[{'name': 'Lore', 'url': '/api/subclasses/lore'}]",/api/spells/thunderwave,"{'dc_type': {'name': 'CON', 'url': '/api/ability-scores/con'}, 'dc_success': 'half'}",,"{'type': 'cube', 'size': 15}"
292,5f2329b00b1bb138c594152c,time-stop,Time Stop,"['You briefly stop the flow of time for everyone but yourself. No time passes for other creatures, while you take 1d4 + 1 turns in a row, during which you can use actions and move as normal.', 'This spell ends if one of the actions you use during this period, or any effects that you create during this period, affects a creature other than you or an object being worn or carried by someone other than you. In addition, the spell ends if you move to a place more than 1,000 feet from the location where you cast it.']",,Self,['V'],,False,Instantaneous,False,1 action,9,,,"{'name': 'Transmutation', 'url': '/api/magic-schools/transmutation'}","[{'name': 'Sorcerer', 'url': '/api/classes/sorcerer'}, {'name': 'Wizard', 'url': '/api/classes/wizard'}]",[],/api/spells/time-stop,,,
293,5f2329b00b1bb138c5941531,tiny-hut,Tiny Hut,"['A 10-foot-radius immobile dome of force springs into existence around and above you and remains stationary for the duration. The spell ends if you leave its area.', ""Nine creatures of Medium size or smaller can fit inside the dome with you. The spell fails if its area includes a larger creature or more than nine creatures. Creatures and objects within the dome when you cast this spell can move through it freely. All other creatures and objects are barred from passing through it. Spells and other magical effects can't extend through the dome or be cast through it. The atmosphere inside the space is comfortable and dry, regardless of the weather outside."", 'Until the spell ends, you can command the interior to become dimly lit or dark. The dome is opaque from the outside, of any color you choose, but it is transparent from the inside.']",,Self,"['V', 'S', 'M']",A small crystal bead.,True,8 hours,False,1 minute,3,,,"{'name': 'Evocation', 'url': '/api/magic-schools/evocation'}","[{'name': 'Bard', 'url': '/api/classes/bard'}, {'name': 'Wizard', 'url': '/api/classes/wizard'}]","[{'name': 'Lore', 'url': '/api/subclasses/lore'}]",/api/spells/tiny-hut,,,"{'type': 'sphere', 'size': 10}"
294,5f2329b00b1bb138c594152e,tongues,Tongues,"['This spell grants the creature you touch the ability to understand any spoken language it hears. Moreover, when the target speaks, any creature that knows at least one language and can hear the target understands what it says.']",,Touch,"['V', 'M']",A small clay model of a ziggurat.,False,1 hour,False,1 action,3,,,"{'name': 'Divination', 'url': '/api/magic-schools/divination'}","[{'name': 'Bard', 'url': '/api/classes/bard'}, {'name': 'Cleric', 'url': '/api/classes/cleric'}, {'name': 'Sorcerer', 'url': '/api/classes/sorcerer'}, {'name': 'Warlock', 'url': '/api/classes/warlock'}, {'name': 'Wizard', 'url': '/api/classes/wizard'}]","[{'name': 'Lore', 'url': '/api/subclasses/lore'}]",/api/spells/tongues,,,
295,5f2329b00b1bb138c594152f,transport-via-plants,Transport via Plants,"['This spell creates a magical link between a Large or larger inanimate plant within range and another plant, at any distance, on the same plane of existence. You must have seen or touched the destination plant at least once before. For the duration, any creature can step into the target plant and exit from the destination plant by using 5 feet of movement.']",,10 feet,"['V', 'S']",,False,1 round,False,1 action,6,,,"{'name': 'Conjuration', 'url': '/api/magic-schools/conjuration'}","[{'name': 'Druid', 'url': '/api/classes/druid'}]",[],/api/spells/transport-via-plants,,,
296,5f2329b00b1bb138c5941530,tree-stride,Tree Stride,"[""You gain the ability to enter a tree and move from inside it to inside another tree of the same kind within 500 feet. Both trees must be living and at least the same size as you. You must use 5 feet of movement to enter a tree. You instantly know the location of all other trees of the same kind within 500 feet and, as part of the move used to enter the tree, can either pass into one of those trees or step out of the tree you're in. You appear in a spot of your choice within 5 feet of the destination tree, using another 5 feet of movement. If you have no movement left, you appear within 5 feet of the tree you entered."", 'You can use this transportation ability once per round for the duration. You must end each turn outside a tree.']",,Self,"['V', 'S']",,False,Up to 1 minute,True,1 action,5,,,"{'name': 'Conjuration', 'url': '/api/magic-schools/conjuration'}","[{'name': 'Druid', 'url': '/api/classes/druid'}, {'name': 'Ranger', 'url': '/api/classes/ranger'}]","[{'name': 'Land', 'url': '/api/subclasses/land'}]",/api/spells/tree-stride,,,
297,5f2329b00b1bb138c5941533,true-polymorph,True Polymorph,"['Choose one creature or nonmagical object that you can see within range. You transform the creature into a different creature, the creature into an object, or the object into a creature (the object must be neither worn nor carried by another creature). The transformation lasts for the duration, or until the target drops to 0 hit points or dies. If you concentrate on this spell for the full duration, the transformation becomes permanent.', ""Shapechangers aren't affected by this spell. An unwilling creature can make a wisdom saving throw, and if it succeeds, it isn't affected by this spell."", 'Creature into Creature.', ""If you turn a creature into another kind of creature, the new form can be any kind you choose whose challenge rating is equal to or less than the target's (or its level, if the target doesn't have a challenge rating). The target's game statistics, including mental ability scores, are replaced by the statistics of the new form. It retains its alignment and personality."", ""The target assumes the hit points of its new form, and when it reverts to its normal form, the creature returns to the number of hit points it had before it transformed. If it reverts as a result of dropping to 0 hit points, any excess damage carries over to its normal form. As long as the excess damage doesn't reduce the creature's normal form to 0 hit points, it isn't knocked unconscious."", ""The creature is limited in the actions it can perform by the nature of its new form, and it can't speak, cast spells, or take any other action that requires hands or speech unless its new form is capable of such actions."", ""The target's gear melds into the new form. The creature can't activate, use, wield, or otherwise benefit from any of its equipment."", 'Object into Creature.', ""You can turn an object into any kind of creature, as long as the creature's size is no larger than the object's size and the creature's challenge rating is 9 or lower. The creature is friendly to you and your companions. It acts on each of your turns. You decide what action it takes and how it moves. The DM has the creature's statistics and resolves all of its actions and movement."", 'If the spell becomes permanent, you no longer control the creature. It might remain friendly to you, depending on how you have treated it.', 'Creature into Object.', ""If you turn a creature into an object, it transforms along with whatever it is wearing and carrying into that form. The creature's statistics become those of the object, and the creature has no memory of time spent in this form, after the spell ends and it returns to its normal form.""]",,30 feet,"['V', 'S', 'M']","A drop of mercury, a dollop of gum arabic, and a wisp of smoke.",False,Up to 1 hour,True,1 action,9,,,"{'name': 'Transmutation', 'url': '/api/magic-schools/transmutation'}","[{'name': 'Bard', 'url': '/api/classes/bard'}, {'name': 'Warlock', 'url': '/api/classes/warlock'}, {'name': 'Wizard', 'url': '/api/classes/wizard'}]",[],/api/spells/true-polymorph,,,
298,5f2329b00b1bb138c5941532,true-resurrection,True Resurrection,"[""You touch a creature that has been dead for no longer than 200 years and that died for any reason except old age. If the creature's soul is free and willing, the creature is restored to life with all its hit points."", 'This spell closes all wounds, neutralizes any poison, cures all diseases, and lifts any curses affecting the creature when it died. The spell replaces damaged or missing organs and limbs.', ""The spell can even provide a new body if the original no longer exists, in which case you must speak the creature's name. The creature then appears in an unoccupied space you choose within 10 feet of you.""]",,Touch,"['V', 'S', 'M']","A sprinkle of holy water and diamonds worth at least 25,000gp, which the spell consumes.",False,Instantaneous,False,1 hour,9,,,"{'name': 'Necromancy', 'url': '/api/magic-schools/necromancy'}","[{'name': 'Cleric', 'url': '/api/classes/cleric'}, {'name': 'Druid', 'url': '/api/classes/druid'}]",[],/api/spells/true-resurrection,,,
299,5f2329b00b1bb138c5941537,true-seeing,True Seeing,"['This spell gives the willing creature you touch the ability to see things as they actually are. For the duration, the creature has truesight, notices secret doors hidden by magic, and can see into the Ethereal Plane, all out to a range of 120 feet.']",,Touch,"['V', 'S', 'M']","An ointment for the eyes that costs 25gp; is made from mushroom powder, saffron, and fat; and is consumed by the spell.",False,1 hour,False,1 action,6,,,"{'name': 'Divination', 'url': '/api/magic-schools/divination'}","[{'name': 'Bard', 'url': '/api/classes/bard'}, {'name': 'Cleric', 'url': '/api/classes/cleric'}, {'name': 'Sorcerer', 'url': '/api/classes/sorcerer'}, {'name': 'Warlock', 'url': '/api/classes/warlock'}, {'name': 'Wizard', 'url': '/api/classes/wizard'}]",[],/api/spells/true-seeing,,,
300,5f2329b00b1bb138c5941534,true-strike,True Strike,"[""You extend your hand and point a finger at a target in range. Your magic grants you a brief insight into the target's defenses. On your next turn, you gain advantage on your first attack roll against the target, provided that this spell hasn't ended.""]",,30 feet,['S'],,False,Up to 1 round,True,1 action,0,,,"{'name': 'Divination', 'url': '/api/magic-schools/divination'}","[{'name': 'Bard', 'url': '/api/classes/bard'}, {'name': 'Sorcerer', 'url': '/api/classes/sorcerer'}, {'name': 'Warlock', 'url': '/api/classes/warlock'}, {'name': 'Wizard', 'url': '/api/classes/wizard'}]","[{'name': 'Lore', 'url': '/api/subclasses/lore'}]",/api/spells/true-strike,,,
301,5f2329b00b1bb138c5941535,unseen-servant,Unseen Servant,"[""This spell creates an invisible, mindless, shapeless force that performs simple tasks at your command until the spell ends. The servant springs into existence in an unoccupied space on the ground within range. It has AC 10, 1 hit point, and a Strength of 2, and it can't attack. If it drops to 0 hit points, the spell ends."", 'Once on each of your turns as a bonus action, you can mentally command the servant to move up to 15 feet and interact with an object. The servant can perform simple tasks that a human servant could do, such as fetching things, cleaning, mending, folding clothes, lighting fires, serving food, and pouring wind. Once you give the command, the servant performs the task to the best of its ability until it completes the task, then waits for your next command.', 'If you command the servant to perform a task that would move it more than 60 feet away from you, the spell ends.']",,60 feet,"['V', 'S', 'M']",A piece of string and a bit of wood.,True,1 hour,False,1 action,1,,,"{'name': 'Conjuration', 'url': '/api/magic-schools/conjuration'}","[{'name': 'Bard', 'url': '/api/classes/bard'}, {'name': 'Warlock', 'url': '/api/classes/warlock'}, {'name': 'Wizard', 'url': '/api/classes/wizard'}]","[{'name': 'Lore', 'url': '/api/subclasses/lore'}]",/api/spells/unseen-servant,,,
302,5f2329b00b1bb138c5941536,vampiric-touch,Vampiric Touch,"['The touch of your shadow-wreathed hand can siphon life force from others to heal your wounds. Make a melee spell attack against a creature within your reach. On a hit, the target takes 3d6 necrotic damage, and you regain hit points equal to half the amount of necrotic damage dealt. Until the spell ends, you can make the attack again on each of your turns as an action.']","['When you cast this spell using a spell slot of 4th level or higher, the damage increases by 1d6 for each slot level above 3rd.']",Self,"['V', 'S']",,False,Up to 1 minute,True,1 action,3,melee,"{'damage_type': {'name': 'Necrotic', 'url': '/api/damage-types/necrotic'}, 'damage_at_slot_level': {'3': '3d6', '4': '4d6', '5': '5d6', '6': '6d6', '7': '7d6', '8': '8d6', '9': '9d6'}}","{'name': 'Necromancy', 'url': '/api/magic-schools/necromancy'}","[{'name': 'Warlock', 'url': '/api/classes/warlock'}, {'name': 'Wizard', 'url': '/api/classes/wizard'}]","[{'name': 'Lore', 'url': '/api/subclasses/lore'}]",/api/spells/vampiric-touch,,,
303,5f2329b00b1bb138c5941538,vicious-mockery,Vicious Mockery,"['You unleash a string of insults laced with subtle enchantments at a creature you can see within range. If the target can hear you (though it need not understand you), it must succeed on a wisdom saving throw or take 1d4 psychic damage and have disadvantage on the next attack roll it makes before the end of its next turn.', ""This spell's damage increases by 1d4 when you reach 5th level (2d4), 11th level (3d4), and 17th level (4d4).""]",,60 feet,['V'],,False,Instantaneous,False,1 action,0,ranged,"{'damage_type': {'name': 'Psychic', 'url': '/api/damage-types/psychic'}, 'damage_at_character_level': {'1': '1d4', '5': '2d4', '11': '3d4', '17': '4d4'}}","{'name': 'Enchantment', 'url': '/api/magic-schools/enchantment'}","[{'name': 'Bard', 'url': '/api/classes/bard'}]",[],/api/spells/vicious-mockery,"{'dc_type': {'name': 'WIS', 'url': '/api/ability-scores/wis'}, 'dc_success': 'none'}",,
304,5f2329b00b1bb138c594153a,wall-of-fire,Wall of Fire,"['You create a wall of fire on a solid surface within range. You can make the wall up to 60 feet long, 20 feet high, and 1 foot thick, or a ringed wall up to 20 feet in diameter, 20 feet high, and 1 foot thick. The wall is opaque and lasts for the duration.', 'When the wall appears, each creature within its area must make a Dexterity saving throw. On a failed save, a creature takes 5d8 fire damage, or half as much damage on a successful save.', 'One side of the wall, selected by you when you cast this spell, deals 5d8 fire damage to each creature that ends its turn within 10 feet o f that side or inside the wall. A creature takes the same damage when it enters the wall for the first time on a turn or ends its turn there. The other side o f the wall deals no damage.', 'The other side of the wall deals no damage.']","['When you cast this spell using a level spell slot 5 or more, the damage of the spell increases by 1d8 for each level of higher spell slot to 4.']",120 feet,"['V', 'S', 'M']",A small piece of phosphorus.,False,Up to 1 minute,True,1 action,4,,"{'damage_type': {'name': 'Fire', 'url': '/api/damage-types/fire'}, 'damage_at_slot_level': {'4': '5d8'}}","{'name': 'Evocation', 'url': '/api/magic-schools/evocation'}","[{'name': 'Druid', 'url': '/api/classes/druid'}, {'name': 'Sorcerer', 'url': '/api/classes/sorcerer'}, {'name': 'Wizard', 'url': '/api/classes/wizard'}]","[{'name': 'Fiend', 'url': '/api/subclasses/fiend'}]",/api/spells/wall-of-fire,"{'dc_type': {'name': 'DEX', 'url': '/api/ability-scores/dex'}, 'dc_success': 'half'}",,"{'type': 'line', 'size': 60}"
305,5f2329b00b1bb138c5941539,wall-of-force,Wall of Force,"[""An invisible wall of force springs into existence at a point you choose within range. The wall appears in any orientation you choose, as a horizontal or vertical barrier or at an angle. It can be free floating or resting on a solid surface. You can form it into a hemispherical dome or a sphere with a radius of up to 10 feet, or you can shape a flat surface made up of ten 10-foot-by-10-foot panels. Each panel must be contiguous with another panel. In any form, the wall is 1/4 inch thick. It lasts for the duration. If the wall cuts through a creature's space when it appears, the creature is pushed to one side of the wall (your choice which side)."", ""Nothing can physically pass through the wall. It is immune to all damage and can't be dispelled by dispel magic. A disintegrate spell destroys the wall instantly, however. The wall also extends into the Ethereal Plane, blocking ethereal travel through the wall.""]",,120 feet,"['V', 'S', 'M']",A pinch of powder made by crushing a clear gemstone.,False,Up to 10 minutes,True,1 action,5,,,"{'name': 'Evocation', 'url': '/api/magic-schools/evocation'}","[{'name': 'Wizard', 'url': '/api/classes/wizard'}]",[],/api/spells/wall-of-force,,,
306,5f2329b00b1bb138c594153c,wall-of-ice,Wall of Ice,"['You create a wall of ice on a solid surface within range. You can form it into a hemispherical dome or a sphere with a radius of up to 10 feet, or you can shape a flat surface made up of ten 10-foot-square panels. Each panel must be contiguous with another panel. In any form, the wall is 1 foot thick and lasts for the duration.', ""If the wall cuts through a creature's space when it appears, the creature within its area is pushed to one side of the wall and must make a dexterity saving throw. On a failed save, the creature takes 10d6 cold damage, or half as much damage on a successful save."", 'The wall is an object that can be damaged and thus breached. It has AC 12 and 30 hit points per 10-foot section, and it is vulnerable to fire damage. Reducing a 10-foot section of wall to 0 hit points destroys it and leaves behind a sheet of frigid air in the space the wall occupied. A creature moving through the sheet of frigid air for the first time on a turn must make a constitution saving throw. That creature takes 5d6 cold damage on a failed save, or half as much damage on a successful one.']","['When you cast this spell using a spell slot of 7th level or higher, the damage the wall deals when it appears increases by 2d6, and the damage from passing through the sheet of frigid air increases by 1d6, for each slot level above 6th.']",120 feet,"['V', 'S', 'M']",A small piece of quartz.,False,Up to 10 minutes,True,1 action,6,,"{'damage_type': {'name': 'Cold', 'url': '/api/damage-types/cold'}, 'damage_at_slot_level': {'6': '10d6', '7': '12d6', '8': '14d6', '9': '16d6'}}","{'name': 'Evocation', 'url': '/api/magic-schools/evocation'}","[{'name': 'Wizard', 'url': '/api/classes/wizard'}]",[],/api/spells/wall-of-ice,"{'dc_type': {'name': 'DEX', 'url': '/api/ability-scores/dex'}, 'dc_success': 'half'}",,"{'type': 'sphere', 'size': 10}"
307,5f2329b00b1bb138c594153b,wall-of-stone,Wall of Stone,"['A nonmagical wall of solid stone springs into existence at a point you choose within range. The wall is 6 inches thick and is composed of ten 10-foot-by-10-foot panels. Each panel must be contiguous with at least one other panel. Alternatively, you can create 10-foot-by-20-foot panels that are only 3 inches thick.', ""If the wall cuts through a creature's space when it appears, the creature is pushed to one side of the wall (your choice). If a creature would be surrounded on all sides by the wall (or the wall and another solid surface), that creature can make a dexterity saving throw. On a success, it can use its reaction to move up to its speed so that it is no longer enclosed by the wall."", ""The wall can have any shape you desire, though it can't occupy the same space as a creature or object. The wall doesn't need to be vertical or rest on any firm foundation. It must, however, merge with and be solidly supported by existing stone. Thus, you can use this spell to bridge a chasm or create a ramp."", 'If you create a span greater than 20 feet in length, you must halve the size of each panel to create supports. You can crudely shape the wall to create crenellations, battlements, and so on.', ""The wall is an object made of stone that can be damaged and thus breached. Each panel has AC 15 and 30 hit points per inch of thickness. Reducing a panel to 0 hit points destroys it and might cause connected panels to collapse at the DM's discretion."", ""If you maintain your concentration on this spell for its whole duration, the wall becomes permanent and can't be dispelled. Otherwise, the wall disappears when the spell ends.""]",,120 feet,"['V', 'S', 'M']",A small block of granite.,False,Up to 10 minutes,True,1 action,5,,,"{'name': 'Evocation', 'url': '/api/magic-schools/evocation'}","[{'name': 'Druid', 'url': '/api/classes/druid'}, {'name': 'Sorcerer', 'url': '/api/classes/sorcerer'}, {'name': 'Wizard', 'url': '/api/classes/wizard'}]","[{'name': 'Land', 'url': '/api/subclasses/land'}]",/api/spells/wall-of-stone,,,
308,5f2329b00b1bb138c594153d,wall-of-thorns,Wall of Thorns,"['You create a wall of tough, pliable, tangled brush bristling with needle-sharp thorns. The wall appears within range on a solid surface and lasts for the duration. You choose to make the wall up to 60 feet long, 10 feet high, and 5 feet thick or a circle that has a 20-foot diameter and is up to 20 feet high and 5 feet thick. The wall blocks line of sight.', 'When the wall appears, each creature within its area must make a dexterity saving throw. On a failed save, a creature takes 7d8 piercing damage, or half as much damage on a successful save.', 'A creature can move through the wall, albeit slowly and painfully. For every 1 foot a creature moves through the wall, it must spend 4 feet of movement. Furthermore, the first time a creature enters the wall on a turn or ends its turn there, the creature must make a dexterity saving throw. It takes 7d8 slashing damage on a failed save, or half as much damage on a successful one.']","['When you cast this spell using a spell slot of 7th level or higher, both types of damage increase by 1d8 for each slot level above 6th.']",120 feet,"['V', 'S', 'M']",A handful of thorns.,False,Up to 10 minutes,True,1 action,6,,"{'damage_type': {'name': 'Piercing', 'url': '/api/damage-types/piercing'}, 'damage_at_slot_level': {'6': '7d8', '7': '8d8', '8': '9d8', '9': '10d8'}}","{'name': 'Conjuration', 'url': '/api/magic-schools/conjuration'}","[{'name': 'Druid', 'url': '/api/classes/druid'}]",[],/api/spells/wall-of-thorns,"{'dc_type': {'name': 'DEX', 'url': '/api/ability-scores/dex'}, 'dc_success': 'half'}",,"{'type': 'line', 'size': 60}"
309,5f2329b00b1bb138c594153f,warding-bond,Warding Bond,"['This spell wards a willing creature you touch and creates a mystic connection between you and the target until the spell ends. While the target is within 60 feet of you, it gains a +1 bonus to AC and saving throws, and it has resistance to all damage. Also, each time it takes damage, you take the same amount of damage.', 'The spell ends if you drop to 0 hit points or if you and the target become separated by more than 60 feet.', 'It also ends if the spell is cast again on either of the connected creatures. You can also dismiss the spell as an action.']",,Touch,"['V', 'S', 'M']","A pair of platinum rings worth at least 50gp each, which you and the target must wear for the duration.",False,1 hour,False,1 action,2,,,"{'name': 'Abjuration', 'url': '/api/magic-schools/abjuration'}","[{'name': 'Cleric', 'url': '/api/classes/cleric'}]","[{'name': 'Lore', 'url': '/api/subclasses/lore'}]",/api/spells/warding-bond,,,
310,5f2329b00b1bb138c594153e,water-breathing,Water Breathing,"['This spell gives a maximum of ten willing creatures within range and you can see, the ability to breathe underwater until the end of its term. Affected creatures also retain their normal breathing pattern.']",,30 feet,"['V', 'S', 'M']",A short piece of reed or straw.,True,24 hours,False,1 action,3,,,"{'name': 'Transmutation', 'url': '/api/magic-schools/transmutation'}","[{'name': 'Druid', 'url': '/api/classes/druid'}, {'name': 'Ranger', 'url': '/api/classes/ranger'}, {'name': 'Sorcerer', 'url': '/api/classes/sorcerer'}, {'name': 'Wizard', 'url': '/api/classes/wizard'}]","[{'name': 'Lore', 'url': '/api/subclasses/lore'}, {'name': 'Land', 'url': '/api/subclasses/land'}]",/api/spells/water-breathing,,,
311,5f2329b00b1bb138c5941540,water-walk,Water Walk,"['This spell grants the ability to move across any liquid surface--such as water, acid, mud, snow, quicksand, or lava--as if it were harmless solid ground (creatures crossing molten lava can still take damage from the heat). Up to ten willing creatures you can see within range gain this ability for the duration.', 'If you target a creature submerged in a liquid, the spell carries the target to the surface of the liquid at a rate of 60 feet per round.']",,30 feet,"['V', 'S', 'M']",A piece of cork.,True,1 hour,False,1 action,3,,,"{'name': 'Transmutation', 'url': '/api/magic-schools/transmutation'}","[{'name': 'Cleric', 'url': '/api/classes/cleric'}, {'name': 'Druid', 'url': '/api/classes/druid'}, {'name': 'Ranger', 'url': '/api/classes/ranger'}, {'name': 'Sorcerer', 'url': '/api/classes/sorcerer'}]","[{'name': 'Lore', 'url': '/api/subclasses/lore'}, {'name': 'Land', 'url': '/api/subclasses/land'}]",/api/spells/water-walk,,,
312,5f2329b00b1bb138c5941541,web,Web,"['You conjure a mass of thick, sticky webbing at a point of your choice within range. The webs fill a 20-foot cube from that point for the duration. The webs are difficult terrain and lightly obscure their area.', ""If the webs aren't anchored between two solid masses (such as walls or trees) or layered across a floor, wall, or ceiling, the conjured web collapses on itself, and the spell ends at the start of your next turn. Webs layered over a flat surface have a depth of 5 feet."", 'Each creature that starts its turn in the webs or that enters them during its turn must make a dexterity saving throw. On a failed save, the creature is restrained as long as it remains in the webs or until it breaks free.', 'A creature restrained by the webs can use its action to make a Strength check against your spell save DC. If it succeeds, it is no longer restrained.', 'The webs are flammable. Any 5-foot cube of webs exposed to fire burns away in 1 round, dealing 2d4 fire damage to any creature that starts its turn in the fire.']",,60 feet,"['V', 'S', 'M']",A bit of spiderweb.,False,Up to 1 hour,True,1 action,2,,,"{'name': 'Conjuration', 'url': '/api/magic-schools/conjuration'}","[{'name': 'Sorcerer', 'url': '/api/classes/sorcerer'}, {'name': 'Wizard', 'url': '/api/classes/wizard'}]","[{'name': 'Lore', 'url': '/api/subclasses/lore'}, {'name': 'Land', 'url': '/api/subclasses/land'}]",/api/spells/web,,,"{'type': 'cube', 'size': 20}"
313,5f2329b00b1bb138c5941542,weird,Weird,"[""Drawing on the deepest fears of a group of creatures, you create illusory creatures in their minds, visible only to them. Each creature in a 30-foot-radius sphere centered on a point of your choice within range must make a wisdom saving throw. On a failed save, a creature becomes frightened for the duration. The illusion calls on the creature's deepest fears, manifesting its worst nightmares as an implacable threat. At the start of each of the frightened creature's turns, it must succeed on a wisdom saving throw or take 4 d10 psychic damage. On a successful save, the spell ends for that creature.""]",,120 feet,"['V', 'S']",,False,Up to 1 minute,True,1 action,9,,,"{'name': 'Illusion', 'url': '/api/magic-schools/illusion'}","[{'name': 'Wizard', 'url': '/api/classes/wizard'}]",[],/api/spells/weird,"{'dc_type': {'name': 'WIS', 'url': '/api/ability-scores/wis'}, 'dc_success': 'none'}",,"{'type': 'sphere', 'size': 30}"
314,5f2329b00b1bb138c5941543,wind-walk,Wind Walk,"[""You and up to ten willing creatures you can see within range assume a gaseous form for the duration, appearing as wisps of cloud. While in this cloud form, a creature has a flying speed of 300 feet and has resistance to damage from nonmagical weapons. The only actions a creature can take in this form are the Dash action or to revert to its normal form. Reverting takes 1 minute, during which time a creature is incapacitated and can't move. Until the spell ends, a creature can revert to cloud form, which also requires the 1-minute transformation."", ""If a creature is in cloud form and flying when the effect ends, the creature descends 60 feet per round for 1 minute until it lands, which it does safely. If it can't land after 1 minute, the creature falls the remaining distance.""]",,30 feet,"['V', 'S', 'M']",Fire and holy water.,False,8 hours,False,1 minute,6,,,"{'name': 'Transmutation', 'url': '/api/magic-schools/transmutation'}","[{'name': 'Druid', 'url': '/api/classes/druid'}]",[],/api/spells/wind-walk,,,
315,5f2329b00b1bb138c5941544,wind-wall,Wind Wall,"['A wall of strong wind rises from the ground at a point you choose within range. You can make the wall up to 50 feet long, 15 feet high, and 1 foot thick. You can shape the wall in any way you choose so long as it makes one continuous path along the ground. The wall lasts for the duration.', 'When the wall appears, each creature within its area must make a strength saving throw. A creature takes 3d8 bludgeoning damage on a failed save, or half as much damage on a successful one.', ""The strong wind keeps fog, smoke, and other gases at bay. Small or smaller flying creatures or objects can't pass through the wall. Loose, lightweight materials brought into the wall fly upward. Arrows, bolts, and other ordinary projectiles launched at targets behind the wall are deflected upward and automatically miss. (Boulders hurled by giants or siege engines, and similar projectiles, are unaffected.) Creatures in gaseous form can't pass through it.""]",,120 feet,"['V', 'S', 'M']",A tiny fan and a feather of exotic origin.,False,Up to 1 minute,True,1 action,3,,"{'damage_type': {'name': 'Bludgeoning', 'url': '/api/damage-types/bludgeoning'}, 'damage_at_slot_level': {'3': '3d8'}}","{'name': 'Evocation', 'url': '/api/magic-schools/evocation'}","[{'name': 'Druid', 'url': '/api/classes/druid'}, {'name': 'Ranger', 'url': '/api/classes/ranger'}]","[{'name': 'Lore', 'url': '/api/subclasses/lore'}]",/api/spells/wind-wall,"{'dc_type': {'name': 'STR', 'url': '/api/ability-scores/str'}, 'dc_success': 'half'}",,"{'type': 'line', 'size': 50}"
316,5f2329b00b1bb138c5941546,wish,Wish,"['Wish is the mightiest spell a mortal creature can cast. By simply speaking aloud, you can alter the very foundations of reality in accord with your desires.', ""The basic use of this spell is to duplicate any other spell of 8th level or lower. You don't need to meet any requirements in that spell, including costly components. The spell simply takes effect."", 'Alternatively, you can create one of the following effects of your choice:', ""- You create one object of up to 25,000 gp in value that isn't a magic item. The object can be no more than 300 feet in any dimension, and it appears in an unoccupied space you can see on the ground."", '- You allow up to twenty creatures that you can see to regain all hit points, and you end all effects on them described in the greater restoration spell.', '- You grant up to ten creatures that you can see resistance to a damage type you choose.', ""- You grant up to ten creatures you can see immunity to a single spell or other magical effect for 8 hours. For instance, you could make yourself and all your companions immune to a lich's life drain attack."", ""- You undo a single recent event by forcing a reroll of any roll made within the last round (including your last turn). Reality reshapes itself to accommodate the new result. For example, a wish spell could undo an opponent's successful save, a foe's critical hit, or a friend's failed save. You can force the reroll to be made with advantage or disadvantage, and you can choose whether to use the reroll or the original roll."", ""You might be able to achieve something beyond the scope of the above examples. State your wish to the GM as precisely as possible. The GM has great latitude in ruling what occurs in such an instance; the greater the wish, the greater the likelihood that something goes wrong. This spell might simply fail, the effect you desire might only be partly achieved, or you might suffer some unforeseen consequence as a result of how you worded the wish. For example, wishing that a villain were dead might propel you forward in time to a period when that villain is no longer alive, effectively removing you from the game. Similarly, wishing for a legendary magic item or artifact might instantly transport you to the presence of the item's current owner."", ""The stress of casting this spell to produce any effect other than duplicating another spell weakens you. After enduring that stress, each time you cast a spell until you finish a long rest, you take 1d10 necrotic damage per level of that spell. This damage can't be reduced or prevented in any way. In addition, your Strength drops to 3, if it isn't 3 or lower already, for 2d4 days. For each of those days that you spend resting and doing nothing more than light activity, your remaining recovery time decreases by 2 days. Finally, there is a 33 percent chance that you are unable to cast wish ever again if you suffer this stress.""]",,Self,['V'],,False,Instantaneous,False,1 action,9,,,"{'name': 'Conjuration', 'url': '/api/magic-schools/conjuration'}","[{'name': 'Sorcerer', 'url': '/api/classes/sorcerer'}, {'name': 'Wizard', 'url': '/api/classes/wizard'}]",[],/api/spells/wish,,,
317,5f2329b00b1bb138c5941545,word-of-recall,Word of Recall,"['You and up to five willing creatures within 5 feet of you instantly teleport to a previously designated sanctuary. You and any creatures that teleport with you appear in the nearest unoccupied space to the spot you designated when you prepared your sanctuary (see below). If you cast this spell without first preparing a sanctuary, the spell has no effect.', ""You must designate a sanctuary by casting this spell within a location, such as a temple, dedicated to or strongly linked to your deity. If you attempt to cast the spell in this manner in an area that isn't dedicated to your deity, the spell has no effect.""]",,5 feet,['V'],,False,Instantaneous,False,1 action,6,,,"{'name': 'Conjuration', 'url': '/api/magic-schools/conjuration'}","[{'name': 'Cleric', 'url': '/api/classes/cleric'}]",[],/api/spells/word-of-recall,,,"{'type': 'sphere', 'size': 5}"
318,5f2329b00b1bb138c5941547,zone-of-truth,Zone of Truth,"[""You create a magical zone that guards against deception in a 15-foot-radius sphere centered on a point of your choice within range. Until the spell ends, a creature that enters the spell's area for the first time on a turn or starts its turn there must make a Charisma saving throw. On a failed save, a creature can't speak a deliberate lie while in the radius. You know whether each creature succeeds or fails on its saving throw."", 'An affected creature is aware of the fate and can avoid answering questions she would normally have responded with a lie. Such a creature can remain evasive in his answers as they remain within the limits of truth.']",,60 feet,"['V', 'S']",,False,10 minutes,False,1 action,2,,,"{'name': 'Enchantment', 'url': '/api/magic-schools/enchantment'}","[{'name': 'Bard', 'url': '/api/classes/bard'}, {'name': 'Cleric', 'url': '/api/classes/cleric'}, {'name': 'Paladin', 'url': '/api/classes/paladin'}]","[{'name': 'Lore', 'url': '/api/subclasses/lore'}, {'name': 'Devotion', 'url': '/api/subclasses/devotion'}]",/api/spells/zone-of-truth,,,"{'type': 'sphere', 'size': 15}"
